-- MySQL Script generated by MySQL Workbench
-- Fri Oct 28 15:28:16 2022
-- Model: New Model    Version: 1.0
-- MySQL Workbench Forward Engineering

SET @OLD_UNIQUE_CHECKS=@@UNIQUE_CHECKS, UNIQUE_CHECKS=0;
SET @OLD_FOREIGN_KEY_CHECKS=@@FOREIGN_KEY_CHECKS, FOREIGN_KEY_CHECKS=0;
SET @OLD_SQL_MODE=@@SQL_MODE, SQL_MODE='ONLY_FULL_GROUP_BY,STRICT_TRANS_TABLES,NO_ZERO_IN_DATE,NO_ZERO_DATE,ERROR_FOR_DIVISION_BY_ZERO,NO_ENGINE_SUBSTITUTION';

-- -----------------------------------------------------
-- Schema Utiles
-- -----------------------------------------------------

-- -----------------------------------------------------
-- Schema Utiles
-- -----------------------------------------------------
CREATE SCHEMA IF NOT EXISTS `Utiles` DEFAULT CHARACTER SET utf8 ;
USE `Utiles` ;

-- -----------------------------------------------------
-- Table `Utiles`.`Proveedor`
-- -----------------------------------------------------
CREATE TABLE IF NOT EXISTS `Utiles`.`Proveedor` (
  `provID` INT NOT NULL,
  `provNombre` VARCHAR(45) NOT NULL,
  `provDireccion` VARCHAR(45) NULL,
  `provContacto` VARCHAR(45) NOT NULL,
  `provEmail` VARCHAR(45) NOT NULL,
  PRIMARY KEY (`provID`))
ENGINE = InnoDB;


-- -----------------------------------------------------
-- Table `Utiles`.`Producto`
-- -----------------------------------------------------
CREATE TABLE IF NOT EXISTS `Utiles`.`Producto` (
  `prodID` INT NOT NULL AUTO_INCREMENT,
  `prodNombre` VARCHAR(45) NOT NULL,
  `prodPrecioVenta` INT NOT NULL,
  `prodPrecioCompra` INT NOT NULL,
  `prodDisponibles` INT NOT NULL,
  `prodMinimo` INT NOT NULL DEFAULT 1,
  `provID` INT NOT NULL,
  PRIMARY KEY (`prodID`),
  INDEX `fk_Productos_Proveedor1_idx` (`provID` ASC) ,
  CONSTRAINT `fk_Productos_Proveedor1`
    FOREIGN KEY (`provID`)
    REFERENCES `Utiles`.`Proveedor` (`provID`)
    ON DELETE NO ACTION
    ON UPDATE NO ACTION)
ENGINE = InnoDB;


-- -----------------------------------------------------
-- Table `Utiles`.`Servicio`
-- -----------------------------------------------------
CREATE TABLE IF NOT EXISTS `Utiles`.`Servicio` (
  `serID` INT NOT NULL AUTO_INCREMENT,
  `serNombre` VARCHAR(45) NOT NULL,
  `serPrecio` INT NOT NULL,
  `serDisponibilidad` TINYINT NOT NULL,
  PRIMARY KEY (`serID`))
ENGINE = InnoDB;


-- -----------------------------------------------------
-- Table `Utiles`.`Empleado`
-- -----------------------------------------------------
CREATE TABLE IF NOT EXISTS `Utiles`.`Empleado` (
  `empID` INT NOT NULL,
  `empHorario` VARCHAR(45) NOT NULL,
  `empSalario` BIGINT(11) NOT NULL,
  `empPosicion` VARCHAR(45) NOT NULL,
  `empNombre` VARCHAR(45) NOT NULL,
  `empTelefono` VARCHAR(45) NOT NULL,
  `empEmail` VARCHAR(45) NOT NULL,
  PRIMARY KEY (`empID`))
ENGINE = InnoDB;


-- -----------------------------------------------------
-- Table `Utiles`.`Cliente`
-- -----------------------------------------------------
CREATE TABLE IF NOT EXISTS `Utiles`.`Cliente` (
  `cliID` INT NOT NULL,
  `cliNombre` VARCHAR(45) NOT NULL,
  `cliTelefono` VARCHAR(45) NULL,
  `cliEmail` VARCHAR(45) NULL,
  `cliFechaRegistro` CHAR(10) NULL,
  PRIMARY KEY (`cliID`))
ENGINE = InnoDB;


-- -----------------------------------------------------
-- Table `Utiles`.`FacturaDeCompra`
-- -----------------------------------------------------
CREATE TABLE IF NOT EXISTS `Utiles`.`FacturaDeCompra` (
  `fcNo.de_factura` INT NOT NULL AUTO_INCREMENT,
  `fcFecha` CHAR(10) NOT NULL,
  `fcTotal` INT NOT NULL,
  `provID` INT NOT NULL,
  PRIMARY KEY (`fcNo.de_factura`),
  INDEX `fk_FacturaDeCompra_Proveedor_idx` (`provID` ASC) ,
  CONSTRAINT `fk_FacturaDeCompra_Proveedor`
    FOREIGN KEY (`provID`)
    REFERENCES `Utiles`.`Proveedor` (`provID`)
    ON DELETE NO ACTION
    ON UPDATE NO ACTION)
ENGINE = InnoDB
ROW_FORMAT = DEFAULT;


-- -----------------------------------------------------
-- Table `Utiles`.`Herramienta`
-- -----------------------------------------------------
CREATE TABLE IF NOT EXISTS `Utiles`.`Herramienta` (
  `herID` INT NOT NULL AUTO_INCREMENT,
  `herNombre` VARCHAR(45) NOT NULL,
  `herPrecioCompra` INT NOT NULL,
  `herDisponibilidad` SMALLINT NOT NULL,
  `provID` INT NOT NULL,
  PRIMARY KEY (`herID`),
  INDEX `fk_Herramientas_Proveedor1_idx` (`provID` ASC) ,
  CONSTRAINT `fk_Herramientas_Proveedor1`
    FOREIGN KEY (`provID`)
    REFERENCES `Utiles`.`Proveedor` (`provID`)
    ON DELETE NO ACTION
    ON UPDATE NO ACTION)
ENGINE = InnoDB;


-- -----------------------------------------------------
-- Table `Utiles`.`FacturaDeVenta`
-- -----------------------------------------------------
CREATE TABLE IF NOT EXISTS `Utiles`.`FacturaDeVenta` (
  `fvID` INT NOT NULL AUTO_INCREMENT,
  `fvFecha` CHAR(10) NOT NULL,
  `fvTotal` INT NOT NULL,
  `cliID` INT NOT NULL,
  `empID` INT NOT NULL,
  PRIMARY KEY (`fvID`),
  INDEX `fk_FacturaDeVenta_Cliente1_idx` (`cliID` ASC) ,
  INDEX `fk_FacturaDeVenta_Empleados1_idx` (`empID` ASC) ,
  CONSTRAINT `fk_FacturaDeVenta_Cliente1`
    FOREIGN KEY (`cliID`)
    REFERENCES `Utiles`.`Cliente` (`cliID`)
    ON DELETE NO ACTION
    ON UPDATE NO ACTION,
  CONSTRAINT `fk_FacturaDeVenta_Empleados1`
    FOREIGN KEY (`empID`)
    REFERENCES `Utiles`.`Empleado` (`empID`)
    ON DELETE NO ACTION
    ON UPDATE NO ACTION)
ENGINE = InnoDB;


-- -----------------------------------------------------
-- Table `Utiles`.`venCantidadProducto`
-- -----------------------------------------------------
CREATE TABLE IF NOT EXISTS `Utiles`.`venCantidadProducto` (
  `fvID` INT NOT NULL,
  `prodID` INT NOT NULL,
  `vcpCantidad` INT NOT NULL DEFAULT 1,
  PRIMARY KEY (`fvID`, `prodID`),
  INDEX `fk_FacturaDeVenta_has_Productos_Productos1_idx` (`prodID` ASC) ,
  INDEX `fk_FacturaDeVenta_has_Productos_FacturaDeVenta1_idx` (`fvID` ASC) ,
  CONSTRAINT `fk_FacturaDeVenta_has_Productos_FacturaDeVenta1`
    FOREIGN KEY (`fvID`)
    REFERENCES `Utiles`.`FacturaDeVenta` (`fvID`)
    ON DELETE NO ACTION
    ON UPDATE NO ACTION,
  CONSTRAINT `fk_FacturaDeVenta_has_Productos_Productos1`
    FOREIGN KEY (`prodID`)
    REFERENCES `Utiles`.`Producto` (`prodID`)
    ON DELETE NO ACTION
    ON UPDATE NO ACTION)
ENGINE = InnoDB;


-- -----------------------------------------------------
-- Table `Utiles`.`venCantidadServicio`
-- -----------------------------------------------------
CREATE TABLE IF NOT EXISTS `Utiles`.`venCantidadServicio` (
  `fvID` INT NOT NULL,
  `serID` INT NOT NULL,
  `vcsCantidad` INT NOT NULL DEFAULT 1,
  PRIMARY KEY (`fvID`, `serID`),
  INDEX `fk_FacturaDeVenta_has_Servicios_Servicios1_idx` (`serID` ASC) ,
  INDEX `fk_FacturaDeVenta_has_Servicios_FacturaDeVenta1_idx` (`fvID` ASC) ,
  CONSTRAINT `fk_FacturaDeVenta_has_Servicios_FacturaDeVenta1`
    FOREIGN KEY (`fvID`)
    REFERENCES `Utiles`.`FacturaDeVenta` (`fvID`)
    ON DELETE NO ACTION
    ON UPDATE NO ACTION,
  CONSTRAINT `fk_FacturaDeVenta_has_Servicios_Servicios1`
    FOREIGN KEY (`serID`)
    REFERENCES `Utiles`.`Servicio` (`serID`)
    ON DELETE NO ACTION
    ON UPDATE NO ACTION)
ENGINE = InnoDB;


-- -----------------------------------------------------
-- Table `Utiles`.`UsoHerramienta`
-- -----------------------------------------------------
CREATE TABLE IF NOT EXISTS `Utiles`.`UsoHerramienta` (
  `empID` INT NOT NULL,
  `herID` INT NOT NULL,
  PRIMARY KEY (`empID`, `herID`),
  INDEX `fk_Empleados_has_Herramientas_Herramientas1_idx` (`herID` ASC) ,
  INDEX `fk_Empleados_has_Herramientas_Empleados1_idx` (`empID` ASC) ,
  CONSTRAINT `fk_Empleados_has_Herramientas_Empleados1`
    FOREIGN KEY (`empID`)
    REFERENCES `Utiles`.`Empleado` (`empID`)
    ON DELETE NO ACTION
    ON UPDATE NO ACTION,
  CONSTRAINT `fk_Empleados_has_Herramientas_Herramientas1`
    FOREIGN KEY (`herID`)
    REFERENCES `Utiles`.`Herramienta` (`herID`)
    ON DELETE NO ACTION
    ON UPDATE NO ACTION)
ENGINE = InnoDB;


-- -----------------------------------------------------
-- Table `Utiles`.`comCantidadHerramienta`
-- -----------------------------------------------------
CREATE TABLE IF NOT EXISTS `Utiles`.`comCantidadHerramienta` (
  `herID` INT NOT NULL,
  `fcNo.de_factura` INT NOT NULL,
  `cchCantidad` INT NOT NULL DEFAULT 1,
  PRIMARY KEY (`herID`, `fcNo.de_factura`),
  INDEX `fk_comCantidadHerramienta_Herramienta1_idx` (`herID` ASC) ,
  INDEX `fk_comCantidadHerramienta_FacturaDeCompra1_idx` (`fcNo.de_factura` ASC) ,
  CONSTRAINT `fk_comCantidadHerramienta_Herramienta1`
    FOREIGN KEY (`herID`)
    REFERENCES `Utiles`.`Herramienta` (`herID`)
    ON DELETE NO ACTION
    ON UPDATE NO ACTION,
  CONSTRAINT `fk_comCantidadHerramienta_FacturaDeCompra1`
    FOREIGN KEY (`fcNo.de_factura`)
    REFERENCES `Utiles`.`FacturaDeCompra` (`fcNo.de_factura`)
    ON DELETE NO ACTION
    ON UPDATE NO ACTION)
ENGINE = InnoDB;


-- -----------------------------------------------------
-- Table `Utiles`.`comCantidadProducto`
-- -----------------------------------------------------
CREATE TABLE IF NOT EXISTS `Utiles`.`comCantidadProducto` (
  `fcNo.de_factura` INT NOT NULL,
  `prodID` INT NOT NULL,
  `ccpCantidad` INT NOT NULL DEFAULT 1,
  PRIMARY KEY (`fcNo.de_factura`, `prodID`),
  INDEX `fk_comCantidadProducto_Producto1_idx` (`prodID` ASC) ,
  CONSTRAINT `fk_comCantidadProducto_FacturaDeCompra1`
    FOREIGN KEY (`fcNo.de_factura`)
    REFERENCES `Utiles`.`FacturaDeCompra` (`fcNo.de_factura`)
    ON DELETE NO ACTION
    ON UPDATE NO ACTION,
  CONSTRAINT `fk_comCantidadProducto_Producto1`
    FOREIGN KEY (`prodID`)
    REFERENCES `Utiles`.`Producto` (`prodID`)
    ON DELETE NO ACTION
    ON UPDATE NO ACTION)
ENGINE = InnoDB;


-- -----------------------------------------------------
-- Table `Utiles`.`ReqHerramienta`
-- -----------------------------------------------------
CREATE TABLE IF NOT EXISTS `Utiles`.`ReqHerramienta` (
  `herID` INT NOT NULL,
  `serID` INT NOT NULL,
  PRIMARY KEY (`herID`, `serID`),
  INDEX `fk_Herramientas_has_Servicios_Servicios1_idx` (`serID` ASC) ,
  INDEX `fk_Herramientas_has_Servicios_Herramientas1_idx` (`herID` ASC) ,
  CONSTRAINT `fk_Herramientas_has_Servicios_Herramientas1`
    FOREIGN KEY (`herID`)
    REFERENCES `Utiles`.`Herramienta` (`herID`)
    ON DELETE NO ACTION
    ON UPDATE NO ACTION,
  CONSTRAINT `fk_Herramientas_has_Servicios_Servicios1`
    FOREIGN KEY (`serID`)
    REFERENCES `Utiles`.`Servicio` (`serID`)
    ON DELETE NO ACTION
    ON UPDATE NO ACTION)
ENGINE = InnoDB;


SET SQL_MODE=@OLD_SQL_MODE;
SET FOREIGN_KEY_CHECKS=@OLD_FOREIGN_KEY_CHECKS;
SET UNIQUE_CHECKS=@OLD_UNIQUE_CHECKS;

-- -----------------------------------------------------
-- Data for table `Utiles`.`Proveedor`
-- -----------------------------------------------------
START TRANSACTION;
USE `Utiles`;
INSERT INTO `Utiles`.`Proveedor` (`provID`, `provNombre`, `provDireccion`, `provContacto`, `provEmail`) VALUES (101, 'Alfa Proveedores', 'cll. 3 cr. 8', '3214445588', 'alfa@gmail.com');
INSERT INTO `Utiles`.`Proveedor` (`provID`, `provNombre`, `provDireccion`, `provContacto`, `provEmail`) VALUES (102, 'Importadora Aranda', 'cll. 19 cr. 60', '3226689001', 'impAranda@gmail.com');
INSERT INTO `Utiles`.`Proveedor` (`provID`, `provNombre`, `provDireccion`, `provContacto`, `provEmail`) VALUES (103, 'Proveedores Gutierres', 'cll. 40 cr. 40', '3004008615', 'proG@gmail.com');
INSERT INTO `Utiles`.`Proveedor` (`provID`, `provNombre`, `provDireccion`, `provContacto`, `provEmail`) VALUES (104, 'Bristo', 'cll. 5 cr. 70', '3126994055', 'bristo@hotmail.com');
INSERT INTO `Utiles`.`Proveedor` (`provID`, `provNombre`, `provDireccion`, `provContacto`, `provEmail`) VALUES (105, 'Luna papel', 'cll. 16 cr. 100', '3157558149', 'lunaPapel@hotmail.com');

COMMIT;


-- -----------------------------------------------------
-- Data for table `Utiles`.`Producto`
-- -----------------------------------------------------
START TRANSACTION;
USE `Utiles`;
INSERT INTO `Utiles`.`Producto` (`prodID`, `prodNombre`, `prodPrecioVenta`, `prodPrecioCompra`, `prodDisponibles`, `prodMinimo`, `provID`) VALUES (100001, 'Caja de regalo', 3000, 1500, 3, 1, 102);
INSERT INTO `Utiles`.`Producto` (`prodID`, `prodNombre`, `prodPrecioVenta`, `prodPrecioCompra`, `prodDisponibles`, `prodMinimo`, `provID`) VALUES (100002, 'Sobre 500', 500, 250, 3, 1, 103);
INSERT INTO `Utiles`.`Producto` (`prodID`, `prodNombre`, `prodPrecioVenta`, `prodPrecioCompra`, `prodDisponibles`, `prodMinimo`, `provID`) VALUES (100003, 'Resma de papel', 15000, 7500, 9, 1, 101);
INSERT INTO `Utiles`.`Producto` (`prodID`, `prodNombre`, `prodPrecioVenta`, `prodPrecioCompra`, `prodDisponibles`, `prodMinimo`, `provID`) VALUES (100004, 'Carpeta', 1000, 500, 8, 1, 103);
INSERT INTO `Utiles`.`Producto` (`prodID`, `prodNombre`, `prodPrecioVenta`, `prodPrecioCompra`, `prodDisponibles`, `prodMinimo`, `provID`) VALUES (100005, 'Cuaderno', 2500, 1250, 6, 1, 103);
INSERT INTO `Utiles`.`Producto` (`prodID`, `prodNombre`, `prodPrecioVenta`, `prodPrecioCompra`, `prodDisponibles`, `prodMinimo`, `provID`) VALUES (100006, 'Facturero', 600, 300, 3, 1, 101);
INSERT INTO `Utiles`.`Producto` (`prodID`, `prodNombre`, `prodPrecioVenta`, `prodPrecioCompra`, `prodDisponibles`, `prodMinimo`, `provID`) VALUES (100007, 'Cinta', 7500, 3750, 6, 1, 103);
INSERT INTO `Utiles`.`Producto` (`prodID`, `prodNombre`, `prodPrecioVenta`, `prodPrecioCompra`, `prodDisponibles`, `prodMinimo`, `provID`) VALUES (100008, 'Esfero', 800, 400, 6, 1, 103);
INSERT INTO `Utiles`.`Producto` (`prodID`, `prodNombre`, `prodPrecioVenta`, `prodPrecioCompra`, `prodDisponibles`, `prodMinimo`, `provID`) VALUES (100009, 'Lapiz', 900, 450, 10, 1, 103);
INSERT INTO `Utiles`.`Producto` (`prodID`, `prodNombre`, `prodPrecioVenta`, `prodPrecioCompra`, `prodDisponibles`, `prodMinimo`, `provID`) VALUES (100010, 'Globos', 700, 350, 7, 3, 102);
INSERT INTO `Utiles`.`Producto` (`prodID`, `prodNombre`, `prodPrecioVenta`, `prodPrecioCompra`, `prodDisponibles`, `prodMinimo`, `provID`) VALUES (100011, 'Confeti', 400, 200, 6, 1, 102);
INSERT INTO `Utiles`.`Producto` (`prodID`, `prodNombre`, `prodPrecioVenta`, `prodPrecioCompra`, `prodDisponibles`, `prodMinimo`, `provID`) VALUES (100012, 'Cortina', 8000, 4000, 5, 1, 102);
INSERT INTO `Utiles`.`Producto` (`prodID`, `prodNombre`, `prodPrecioVenta`, `prodPrecioCompra`, `prodDisponibles`, `prodMinimo`, `provID`) VALUES (100013, 'Bouquet', 12000, 6000, 9, 1, 102);
INSERT INTO `Utiles`.`Producto` (`prodID`, `prodNombre`, `prodPrecioVenta`, `prodPrecioCompra`, `prodDisponibles`, `prodMinimo`, `provID`) VALUES (100014, 'Icopor', 4000, 2000, 8, 1, 101);
INSERT INTO `Utiles`.`Producto` (`prodID`, `prodNombre`, `prodPrecioVenta`, `prodPrecioCompra`, `prodDisponibles`, `prodMinimo`, `provID`) VALUES (100015, 'Cartulina', 2400, 1200, 2, 1, 101);
INSERT INTO `Utiles`.`Producto` (`prodID`, `prodNombre`, `prodPrecioVenta`, `prodPrecioCompra`, `prodDisponibles`, `prodMinimo`, `provID`) VALUES (100016, 'Bolso', 30000, 10000, 5, 1, 101);
INSERT INTO `Utiles`.`Producto` (`prodID`, `prodNombre`, `prodPrecioVenta`, `prodPrecioCompra`, `prodDisponibles`, `prodMinimo`, `provID`) VALUES (100017, 'Galletas', 300, 150, 6, 1, 104);
INSERT INTO `Utiles`.`Producto` (`prodID`, `prodNombre`, `prodPrecioVenta`, `prodPrecioCompra`, `prodDisponibles`, `prodMinimo`, `provID`) VALUES (100018, 'Papel regalo m^2', 500, 250, 3, 1, 101);
INSERT INTO `Utiles`.`Producto` (`prodID`, `prodNombre`, `prodPrecioVenta`, `prodPrecioCompra`, `prodDisponibles`, `prodMinimo`, `provID`) VALUES (100019, 'cinta ribbon metro', 1000, 400, 20, 1, 104);
INSERT INTO `Utiles`.`Producto` (`prodID`, `prodNombre`, `prodPrecioVenta`, `prodPrecioCompra`, `prodDisponibles`, `prodMinimo`, `provID`) VALUES (100020, '6 L helio', 5000, 2000, 25, 3, 104);

COMMIT;


-- -----------------------------------------------------
-- Data for table `Utiles`.`Servicio`
-- -----------------------------------------------------
START TRANSACTION;
USE `Utiles`;
INSERT INTO `Utiles`.`Servicio` (`serID`, `serNombre`, `serPrecio`, `serDisponibilidad`) VALUES (1001, 'Empacado', 2000, 1);
INSERT INTO `Utiles`.`Servicio` (`serID`, `serNombre`, `serPrecio`, `serDisponibilidad`) VALUES (1002, 'Decoracion regalo', 5000, 1);
INSERT INTO `Utiles`.`Servicio` (`serID`, `serNombre`, `serPrecio`, `serDisponibilidad`) VALUES (1003, 'Decoracion globos', 10000, 1);
INSERT INTO `Utiles`.`Servicio` (`serID`, `serNombre`, `serPrecio`, `serDisponibilidad`) VALUES (1004, 'Impresion', 1000, 1);
INSERT INTO `Utiles`.`Servicio` (`serID`, `serNombre`, `serPrecio`, `serDisponibilidad`) VALUES (1005, 'Escaner', 500, 0);
INSERT INTO `Utiles`.`Servicio` (`serID`, `serNombre`, `serPrecio`, `serDisponibilidad`) VALUES (1006, 'Copia', 200, 1);
INSERT INTO `Utiles`.`Servicio` (`serID`, `serNombre`, `serPrecio`, `serDisponibilidad`) VALUES (1007, 'Carta', 3000, 1);
INSERT INTO `Utiles`.`Servicio` (`serID`, `serNombre`, `serPrecio`, `serDisponibilidad`) VALUES (1008, 'Hoja de vida', 3500, 0);

COMMIT;


-- -----------------------------------------------------
-- Data for table `Utiles`.`Empleado`
-- -----------------------------------------------------
START TRANSACTION;
USE `Utiles`;
INSERT INTO `Utiles`.`Empleado` (`empID`, `empHorario`, `empSalario`, `empPosicion`, `empNombre`, `empTelefono`, `empEmail`) VALUES (1090222344, '7-5', 1200000, 'vendedor', 'Laura Alejandra Benites Muñoz', '3114567788', 'lbg12@gmail.com');
INSERT INTO `Utiles`.`Empleado` (`empID`, `empHorario`, `empSalario`, `empPosicion`, `empNombre`, `empTelefono`, `empEmail`) VALUES (1080945789, '7-5', 1200000, 'vendedor', 'Diego Alejandro Perez Torres', '3139997788', 'dieg01@gmail.com');
INSERT INTO `Utiles`.`Empleado` (`empID`, `empHorario`, `empSalario`, `empPosicion`, `empNombre`, `empTelefono`, `empEmail`) VALUES (1000500112, '7-5', 1200000, 'logistica', 'Jose Antonio Rodriguez Garcia', '3119003465', 'aljose@gmail.com');
INSERT INTO `Utiles`.`Empleado` (`empID`, `empHorario`, `empSalario`, `empPosicion`, `empNombre`, `empTelefono`, `empEmail`) VALUES (1020877900, '7-5', 1250000, 'vendedor', 'Juan David Hernandez Martinez', '3158984754', '3dav4@gmail.com');

COMMIT;


-- -----------------------------------------------------
-- Data for table `Utiles`.`Cliente`
-- -----------------------------------------------------
START TRANSACTION;
USE `Utiles`;
INSERT INTO `Utiles`.`Cliente` (`cliID`, `cliNombre`, `cliTelefono`, `cliEmail`, `cliFechaRegistro`) VALUES (1001133455, 'Martin Gomez', '3121233479', 'ma32@gmail.com', '01/04/2022');
INSERT INTO `Utiles`.`Cliente` (`cliID`, `cliNombre`, `cliTelefono`, `cliEmail`, `cliFechaRegistro`) VALUES (123567888, 'Julio Jimenez', '3129876509', 'jujinez@gmail.com', '04/04/2022');
INSERT INTO `Utiles`.`Cliente` (`cliID`, `cliNombre`, `cliTelefono`, `cliEmail`, `cliFechaRegistro`) VALUES (109966688, 'Angela Hernandez', '3139873947', 'anladez@gmail.com', '19/09/2022');
INSERT INTO `Utiles`.`Cliente` (`cliID`, `cliNombre`, `cliTelefono`, `cliEmail`, `cliFechaRegistro`) VALUES (89123321, 'Paula Zuñiga', '3209874538', 'pazuga@gmail.com', '16/05/2022');
INSERT INTO `Utiles`.`Cliente` (`cliID`, `cliNombre`, `cliTelefono`, `cliEmail`, `cliFechaRegistro`) VALUES (101037098, 'Daniela Flores', '3003214875', 'daflores@gmail.com', '04/09/2022');
INSERT INTO `Utiles`.`Cliente` (`cliID`, `cliNombre`, `cliTelefono`, `cliEmail`, `cliFechaRegistro`) VALUES (1020877900, 'David Hernandez', '3158984754', '3dav4@gmail.com', NULL);

COMMIT;


-- -----------------------------------------------------
-- Data for table `Utiles`.`FacturaDeCompra`
-- -----------------------------------------------------
START TRANSACTION;
USE `Utiles`;
INSERT INTO `Utiles`.`FacturaDeCompra` (`fcNo.de_factura`, `fcFecha`, `fcTotal`, `provID`) VALUES (1, '26/06/2022', 84400, 101);
INSERT INTO `Utiles`.`FacturaDeCompra` (`fcNo.de_factura`, `fcFecha`, `fcTotal`, `provID`) VALUES (2, '28/06/2022', 3600, 103);
INSERT INTO `Utiles`.`FacturaDeCompra` (`fcNo.de_factura`, `fcFecha`, `fcTotal`, `provID`) VALUES (3, '30/06/2022', 54000, 102);
INSERT INTO `Utiles`.`FacturaDeCompra` (`fcNo.de_factura`, `fcFecha`, `fcTotal`, `provID`) VALUES (4, '01/07/2022', 4000, 101);
INSERT INTO `Utiles`.`FacturaDeCompra` (`fcNo.de_factura`, `fcFecha`, `fcTotal`, `provID`) VALUES (5, '02/07/2022', 59600, 101);
INSERT INTO `Utiles`.`FacturaDeCompra` (`fcNo.de_factura`, `fcFecha`, `fcTotal`, `provID`) VALUES (6, '02/07/2022', 11100, 103);
INSERT INTO `Utiles`.`FacturaDeCompra` (`fcNo.de_factura`, `fcFecha`, `fcTotal`, `provID`) VALUES (7, '03/07/2022', 75000, 105);

COMMIT;


-- -----------------------------------------------------
-- Data for table `Utiles`.`Herramienta`
-- -----------------------------------------------------
START TRANSACTION;
USE `Utiles`;
INSERT INTO `Utiles`.`Herramienta` (`herID`, `herNombre`, `herPrecioCompra`, `herDisponibilidad`, `provID`) VALUES (100, 'tijeras', 50000, 2, 105);
INSERT INTO `Utiles`.`Herramienta` (`herID`, `herNombre`, `herPrecioCompra`, `herDisponibilidad`, `provID`) VALUES (200, 'pistola de calor', 25000, 1, 105);

COMMIT;


-- -----------------------------------------------------
-- Data for table `Utiles`.`FacturaDeVenta`
-- -----------------------------------------------------
START TRANSACTION;
USE `Utiles`;
INSERT INTO `Utiles`.`FacturaDeVenta` (`fvID`, `fvFecha`, `fvTotal`, `cliID`, `empID`) VALUES (111, '01/09/2022', 7000, 1001133455, 1090222344);
INSERT INTO `Utiles`.`FacturaDeVenta` (`fvID`, `fvFecha`, `fvTotal`, `cliID`, `empID`) VALUES (112, '02/09/2022', 3000, 123567888, 1090222344);
INSERT INTO `Utiles`.`FacturaDeVenta` (`fvID`, `fvFecha`, `fvTotal`, `cliID`, `empID`) VALUES (113, '04/09/2022', 30000, 109966688, 1080945789);
INSERT INTO `Utiles`.`FacturaDeVenta` (`fvID`, `fvFecha`, `fvTotal`, `cliID`, `empID`) VALUES (114, '02/09/2022', 28100, 89123321, 1080945789);
INSERT INTO `Utiles`.`FacturaDeVenta` (`fvID`, `fvFecha`, `fvTotal`, `cliID`, `empID`) VALUES (115, '05/09/2022', 5000, 101037098, 1080945789);

COMMIT;


-- -----------------------------------------------------
-- Data for table `Utiles`.`venCantidadProducto`
-- -----------------------------------------------------
START TRANSACTION;
USE `Utiles`;
INSERT INTO `Utiles`.`venCantidadProducto` (`fvID`, `prodID`, `vcpCantidad`) VALUES (111, 100001, 1);
INSERT INTO `Utiles`.`venCantidadProducto` (`fvID`, `prodID`, `vcpCantidad`) VALUES (111, 100018, DEFAULT);
INSERT INTO `Utiles`.`venCantidadProducto` (`fvID`, `prodID`, `vcpCantidad`) VALUES (112, 100001, DEFAULT);
INSERT INTO `Utiles`.`venCantidadProducto` (`fvID`, `prodID`, `vcpCantidad`) VALUES (113, 100003, 2);
INSERT INTO `Utiles`.`venCantidadProducto` (`fvID`, `prodID`, `vcpCantidad`) VALUES (114, 100010, 3);
INSERT INTO `Utiles`.`venCantidadProducto` (`fvID`, `prodID`, `vcpCantidad`) VALUES (114, 100019, DEFAULT);
INSERT INTO `Utiles`.`venCantidadProducto` (`fvID`, `prodID`, `vcpCantidad`) VALUES (114, 100020, 3);
INSERT INTO `Utiles`.`venCantidadProducto` (`fvID`, `prodID`, `vcpCantidad`) VALUES (115, 100005, 2);

COMMIT;


-- -----------------------------------------------------
-- Data for table `Utiles`.`venCantidadServicio`
-- -----------------------------------------------------
START TRANSACTION;
USE `Utiles`;
INSERT INTO `Utiles`.`venCantidadServicio` (`fvID`, `serID`, `vcsCantidad`) VALUES (111, 1002, DEFAULT);
INSERT INTO `Utiles`.`venCantidadServicio` (`fvID`, `serID`, `vcsCantidad`) VALUES (114, 1003, DEFAULT);

COMMIT;


-- -----------------------------------------------------
-- Data for table `Utiles`.`UsoHerramienta`
-- -----------------------------------------------------
START TRANSACTION;
USE `Utiles`;
INSERT INTO `Utiles`.`UsoHerramienta` (`empID`, `herID`) VALUES (1090222344, 100);
INSERT INTO `Utiles`.`UsoHerramienta` (`empID`, `herID`) VALUES (1080945789, 100);
INSERT INTO `Utiles`.`UsoHerramienta` (`empID`, `herID`) VALUES (1000500112, 200);
INSERT INTO `Utiles`.`UsoHerramienta` (`empID`, `herID`) VALUES (1020877900, 200);

COMMIT;


-- -----------------------------------------------------
-- Data for table `Utiles`.`comCantidadHerramienta`
-- -----------------------------------------------------
START TRANSACTION;
USE `Utiles`;
INSERT INTO `Utiles`.`comCantidadHerramienta` (`herID`, `fcNo.de_factura`, `cchCantidad`) VALUES (100, 7, 1);
INSERT INTO `Utiles`.`comCantidadHerramienta` (`herID`, `fcNo.de_factura`, `cchCantidad`) VALUES (200, 7, 1);

COMMIT;


-- -----------------------------------------------------
-- Data for table `Utiles`.`comCantidadProducto`
-- -----------------------------------------------------
START TRANSACTION;
USE `Utiles`;
INSERT INTO `Utiles`.`comCantidadProducto` (`fcNo.de_factura`, `prodID`, `ccpCantidad`) VALUES (1, 100006, 3);
INSERT INTO `Utiles`.`comCantidadProducto` (`fcNo.de_factura`, `prodID`, `ccpCantidad`) VALUES (1, 100003, 9);
INSERT INTO `Utiles`.`comCantidadProducto` (`fcNo.de_factura`, `prodID`, `ccpCantidad`) VALUES (1, 100014, 8);
INSERT INTO `Utiles`.`comCantidadProducto` (`fcNo.de_factura`, `prodID`, `ccpCantidad`) VALUES (2, 100008, 9);
INSERT INTO `Utiles`.`comCantidadProducto` (`fcNo.de_factura`, `prodID`, `ccpCantidad`) VALUES (3, 100013, 9);
INSERT INTO `Utiles`.`comCantidadProducto` (`fcNo.de_factura`, `prodID`, `ccpCantidad`) VALUES (4, 100004, 8);
INSERT INTO `Utiles`.`comCantidadProducto` (`fcNo.de_factura`, `prodID`, `ccpCantidad`) VALUES (5, 100015, 8);
INSERT INTO `Utiles`.`comCantidadProducto` (`fcNo.de_factura`, `prodID`, `ccpCantidad`) VALUES (5, 100016, 5);
INSERT INTO `Utiles`.`comCantidadProducto` (`fcNo.de_factura`, `prodID`, `ccpCantidad`) VALUES (6, 100008, 9);
INSERT INTO `Utiles`.`comCantidadProducto` (`fcNo.de_factura`, `prodID`, `ccpCantidad`) VALUES (6, 100005, 6);

COMMIT;


-- -----------------------------------------------------
-- Data for table `Utiles`.`ReqHerramienta`
-- -----------------------------------------------------
START TRANSACTION;
USE `Utiles`;
INSERT INTO `Utiles`.`ReqHerramienta` (`herID`, `serID`) VALUES (100, 1001);
INSERT INTO `Utiles`.`ReqHerramienta` (`herID`, `serID`) VALUES (200, 1001);
INSERT INTO `Utiles`.`ReqHerramienta` (`herID`, `serID`) VALUES (100, 1002);
INSERT INTO `Utiles`.`ReqHerramienta` (`herID`, `serID`) VALUES (200, 1002);
INSERT INTO `Utiles`.`ReqHerramienta` (`herID`, `serID`) VALUES (100, 1007);

COMMIT;
-- DROP schema Utiles;